{
  "n_estimators": 400,
  "max_depth": 4,
  "learning_rate": 0.05,
  "subsample": 0.8,
  "colsample_bytree": 0.8,
  "train_loss": 0.6212567245834211,
  "train_acc": 0.6511688311688312,
  "val_loss": 0.6464564078376408,
  "val_acc": 0.6258181818181818
}