n_estimators,max_depth,learning_rate,subsample,colsample_bytree,train_loss,train_acc,val_loss,val_acc
200,4,0.1,0.8,0.8,0.6178603416194902,0.6558831168831168,0.6451572526443947,0.6254545454545455
200,6,0.05,0.8,0.8,0.6021393085917879,0.674064935064935,0.6454941078171588,0.624969696969697
400,4,0.05,0.8,0.8,0.6175581316782571,0.6556363636363637,0.6456430065266942,0.6247272727272727
200,4,0.05,0.8,0.8,0.6288425042816083,0.6415064935064935,0.6458868284816269,0.623030303030303
400,6,0.05,0.8,0.8,0.5755109169547882,0.7067402597402598,0.6459784334344428,0.6271515151515151
400,4,0.1,0.8,0.8,0.5992835862920304,0.676935064935065,0.6460857467119364,0.6267878787878788
200,6,0.1,0.8,0.8,0.5763209987473736,0.7062467532467532,0.6485002379589964,0.6232727272727273
400,6,0.1,0.8,0.8,0.5301282962215084,0.7599220779220779,0.6516363047462199,0.6192727272727273
